{"WILLIAN MATEUS DAVID":9.444444444444445,"EDUARDO ENGEL SABEL":9,"JUAN DANIEL GRASMUK":8.944444444444445,"GUILHERME TRAMONTIN PEDRO":8.083333333333334}